<?xml version='1.0' encoding='utf-8' standalone='yes' ?>
<map>
<string name="dock_width_margin">NONE</string>
<boolean name="drawer_swipe_from_dock" value="true" />
<string name="system_build_prop_md5">ff376c5f14ca5e382c4ca65c88939bf2</string>
<int name="drawer_card_color" value="-1" />
<set name="drawer_menu_action_set">
<string>MARKET</string>
<string>SEARCH</string>
<string>MENU</string>
</set>
<boolean name="drawer_persistent_search" value="false" />
<boolean name="did_quickstart" value="true" />
<string name="long_menu_intent">Search$#Intent;action=com.teslacoilsw.launcher.ACTION;launchFlags=0x10000000;component=com.teslacoilsw.launcher/.NovaShortcutHandler;S.LAUNCHER_ACTION=TEXT_SEARCH;end</string>
<boolean name="nova_prime" value="true" />
<string name="desktop_scroll_indicator">LINE</string>
<string name="qsb_style">M_LETTER_MONO:PILLRECT:#ffffffff:56:1</string>
<string name="folder_cellspecs">1.25:true:13.0:#40302:false:sans-serif-condensed:true:true</string>
<boolean name="desktop_indicator_drawerdock_swipe" value="true" />
<int name="system_dpi" value="480" />
<string name="home_button_intent">App search$#Intent;action=com.teslacoilsw.launcher.ACTION;launchFlags=0x10000000;component=com.teslacoilsw.launcher/.NovaShortcutHandler;S.LAUNCHER_ACTION=APP_SEARCH;end</string>
<int name="drawer_background_color" value="-1" />
<string name="search_window_style">GOOGLE</string>
<int name="first_install_version" value="62003" />
<int name="drawer_app_grid_rows" value="5" />
<string name="gesture_two_finger_scroll_down">App drawer$#Intent;action=com.teslacoilsw.launcher.ACTION;launchFlags=0x10000000;component=com.teslacoilsw.launcher/.NovaShortcutHandler;S.LAUNCHER_ACTION=APP_DRAWER;end</string>
<string name="folder_animation">CIRCLE</string>
<long name="theme_icon_pack_last_update_time" value="0" />
<string name="gesture_swipe_up">App drawer$#Intent;action=com.teslacoilsw.launcher.ACTION;launchFlags=0x10000000;component=com.teslacoilsw.launcher/.NovaShortcutHandler;S.LAUNCHER_ACTION=APP_DRAWER;end</string>
<boolean name="night_mode_auto_searchbar" value="true" />
<string name="gesture_pinch_out">Recent apps$#Intent;action=com.teslacoilsw.launcher.ACTION;launchFlags=0x10000000;component=com.teslacoilsw.launcher/.NovaShortcutHandler;S.LAUNCHER_ACTION=SHOW_RECENT_APPS;end</string>
<string name="allapps_locale">en_AU</string>
<long name="0" value="1575039524955" />
<int name="1" value="1035703788" />
<int name="workspace_screen_count" value="2" />
<string name="gesture_two_finger_scroll_up">Nova Settings$#Intent;action=android.intent.action.MAIN;launchFlags=0x30008000;component=com.teslacoilsw.launcher/.preferences.SettingsActivity;end</string>
<int name="drawer_app_grid_cols" value="4" />
<string name="drawer_cellspecs">1.25:true:13.0:#40302:false:sans-serif-condensed:true:true</string>
<boolean name="night_mode_auto_drawer" value="true" />
<int name="desktop_grid_cols" value="4" />
<string name="gesture_swipe_down">Expand notifications$#Intent;action=com.teslacoilsw.launcher.ACTION;launchFlags=0x10000000;component=com.teslacoilsw.launcher/.NovaShortcutHandler;S.LAUNCHER_ACTION=EXPAND_STATUS_BAR;end</string>
<int name="drawer_app_grid_land_cols" value="5" />
<string name="night_mode">AUTO</string>
<string name="screen_orientation">NOSENSOR</string>
<boolean name="home_button_action_default_page_only" value="true" />
<int name="drawer_app_grid_land_rows" value="4" />
<string name="searchbar_placement">WIDGET</string>
<string name="backup_location">DOC</string>
<string name="drawer_scroll_effect">SIMPLE</string>
<int name="night_mode_bg_color" value="-15592942" />
<int name="preference_version" value="62003" />
<string name="wallpaper_scrolling">ON</string>
<boolean name="night_mode_auto_drawer_icon" value="true" />
<string name="desktop_width_margin">NONE</string>
<boolean name="drawer_enable_tabs" value="true" />
<string name="gesture_pinch">Show previews$#Intent;action=com.teslacoilsw.launcher.ACTION;launchFlags=0x10000000;component=com.teslacoilsw.launcher/.NovaShortcutHandler;S.LAUNCHER_ACTION=SHOW_PREVIEWS;end</string>
<boolean name="drawer_cards" value="true" />
<string name="scroll_effect">SIMPLE</string>
<string name="folder_window_config">WINDOW:172:-1:24:true:true:3:4:VERTICAL</string>
<int name="drawer_transparency" value="128" />
<boolean name="night_mode_auto_folder" value="true" />
<int name="desktop_grid_rows" value="5" />
<boolean name="drawer_fastscroll" value="true" />
<boolean name="drawer_folders_before_apps" value="true" />
</map>
